{
  "rsa_threshold": 0.2,
  "paratope_charge": -2.0,
  "paratope_hydropathy": -0.025714285714285797,
  "scores": {
    "surface_ESM_cosine": {
      "P35968": 0.8546837568283081,
      "P17948": 0.8579634428024292,
      "P35916": 0.858492374420166,
      "P00533": 0.8382803797721863,
      "P04626": 0.8360723257064819,
      "P21860": 0.8289408683776855,
      "P06213": 0.8478477001190186,
      "P08069": 0.8345972299575806,
      "P16234": 0.8410301208496094,
      "P09619": 0.8574129939079285,
      "P10721": 0.8522472381591797,
      "P36888": 0.8433920741081238,
      "P08581": 0.8433809280395508,
      "P30530": 0.8358448147773743,
      "P11362": 0.8558220863342285,
      "Q13467": 0.8142039179801941,
      "Q9UP38": 0.8121204376220703,
      "Q14332": 0.8085348606109619,
      "Q9NPG1": 0.8201788663864136,
      "Q9ULV1": 0.7916234731674194,
      "O60353": 0.8377819657325745,
      "O75084": 0.8122978210449219,
      "Q9H461": 0.7797999382019043,
      "O00144": 0.7891277074813843,
      "Q9ULW2": 0.8019154071807861,
      "Q99835": 0.8301500082015991,
      "Q8N474": 0.8057999014854431,
      "Q9BZM5": 0.8410426378250122,
      "Q9BZM6": 0.8266278505325317,
      "Q9BZM4": 0.8246669173240662,
      "Q8TD07": 0.8209981918334961,
      "Q6H3X3": 0.8307013511657715,
      "Q29983": 0.8576407432556152,
      "Q29980": 0.8596116304397583,
      "P04439": 0.8616599440574646,
      "P13747": 0.8645771145820618,
      "P15813": 0.8424121141433716,
      "Q30201": 0.8483893275260925,
      "P55899": 0.8327256441116333,
      "Q95460": 0.853687584400177
    },
    "wholeprotein_ESM_singlemean": {
      "P35968": 0.8602874875068665,
      "P17948": 0.8633560538291931,
      "P35916": 0.8625702261924744,
      "P00533": 0.8373994827270508,
      "P04626": 0.8377861976623535,
      "P21860": 0.8327863812446594,
      "P06213": 0.8476463556289673,
      "P08069": 0.8356797099113464,
      "P16234": 0.8477787375450134,
      "P09619": 0.86167311668396,
      "P10721": 0.852993369102478,
      "P36888": 0.8470459580421448,
      "P08581": 0.8457818031311035,
      "P30530": 0.819106936454773,
      "P11362": 0.849152684211731,
      "Q13467": 0.7842390537261963,
      "Q9UP38": 0.7885931730270386,
      "Q14332": 0.7726004123687744,
      "Q9NPG1": 0.816503643989563,
      "Q9ULV1": 0.744685173034668,
      "O60353": 0.8371654748916626,
      "O75084": 0.7776147127151489,
      "Q9H461": 0.7727201581001282,
      "O00144": 0.7526076436042786,
      "Q9ULW2": 0.7537660598754883,
      "Q99835": 0.8386773467063904,
      "Q8N474": 0.8006540536880493,
      "Q9BZM5": 0.8414691686630249,
      "Q9BZM6": 0.8255373239517212,
      "Q9BZM4": 0.8253979682922363,
      "Q8TD07": 0.8212307095527649,
      "Q6H3X3": 0.8354727029800415,
      "Q29983": 0.860568642616272,
      "Q29980": 0.8630741238594055,
      "P04439": 0.8675333261489868,
      "P13747": 0.868943452835083,
      "P15813": 0.8436238169670105,
      "Q30201": 0.8503497838973999,
      "P55899": 0.8356337547302246,
      "Q95460": 0.8562413454055786
    },
    "surface_charge_complementarity": {
      "P35968": -0.020346320346320355,
      "P17948": 0.02361419068736144,
      "P35916": -0.01850220264317182,
      "P00533": 0.004557640750670246,
      "P04626": -0.02776349614395887,
      "P21860": 0.0007700770077007751,
      "P06213": -0.012195121951219514,
      "P08069": -0.01898148148148148,
      "P16234": -0.05367231638418077,
      "P09619": -0.06828929068150205,
      "P10721": 0.015605095541401267,
      "P36888": -0.03851030110935024,
      "P08581": -0.0007722007722007786,
      "P30530": -0.03681592039800995,
      "P11362": -0.03159722222222223,
      "Q13467": 0.04722222222222222,
      "Q9UP38": 0.024875621890547265,
      "Q14332": 0.027565982404692085,
      "Q9NPG1": 0.0242761692650334,
      "Q9ULV1": 0.011764705882352938,
      "O60353": 0.022314049586776862,
      "O75084": 0.019887955182072828,
      "Q9H461": 0.02304439746300211,
      "O00144": 0.037903225806451606,
      "Q9ULW2": 0.0535014005602241,
      "Q99835": 0.03018867924528302,
      "Q8N474": 0.06296296296296296,
      "Q9BZM5": 0.0017751479289940765,
      "Q9BZM6": 0.027710843373493985,
      "Q9BZM4": 0.014942528735632187,
      "Q8TD07": 0.029189189189189182,
      "Q6H3X3": 0.008366533864541833,
      "Q29983": -0.0033210332103321013,
      "Q29980": 0.007490636704119847,
      "P04439": -0.018072289156626505,
      "P13747": -0.029387755102040815,
      "P15813": 0.005726872246696034,
      "Q30201": -0.0016949152542372883,
      "P55899": 0.014007782101167314,
      "Q95460": -0.04035087719298245
    },
    "surface_physchem_complementarity": {
      "P35968": -0.016862786023500307,
      "P17948": 0.027728761482420053,
      "P35916": -0.014622970421648836,
      "P00533": 0.008645384909996189,
      "P04626": -0.024284630921777444,
      "P21860": 0.004524956781392442,
      "P06213": -0.007789198606271765,
      "P08069": -0.014270320767195751,
      "P16234": -0.04995028248587567,
      "P09619": -0.06488223723425388,
      "P10721": 0.019109076433121024,
      "P36888": -0.03458163912157572,
      "P08581": 0.003151958080529515,
      "P30530": -0.0331864960909737,
      "P11362": -0.028053472222222216,
      "Q13467": 0.048654722222222224,
      "Q9UP38": 0.02744225302061124,
      "Q14332": 0.0293056556346879,
      "Q9NPG1": 0.02621161310849507,
      "Q9ULV1": 0.012840645731977001,
      "O60353": 0.024253778040141685,
      "O75084": 0.0211952781112445,
      "Q9H461": 0.02454974327997584,
      "O00144": 0.03905622119815668,
      "Q9ULW2": 0.0557605842336935,
      "Q99835": 0.03238652291105122,
      "Q8N474": 0.06718796296296296,
      "Q9BZM5": 0.004148774302620457,
      "Q9BZM6": 0.030434079173838228,
      "Q9BZM4": 0.017932922824302148,
      "Q8TD07": 0.03173073359073359,
      "Q6H3X3": 0.01041189527603871,
      "Q29983": 0.0001688982604111885,
      "Q29980": 0.01113975387907973,
      "P04439": -0.014362306368330453,
      "P13747": -0.025396793002915436,
      "P15813": 0.008454059156702337,
      "Q30201": 0.0013597457627118736,
      "P55899": 0.016323568649249588,
      "Q95460": -0.0372956140350877
    }
  },
  "within_family_auroc": {
    "esm_paratope_cosine (BASELINE, windowed)": {
      "per_family": {
        "RTK/Ig-receptor": 0.7857142857142857,
        "Frizzled/CRD": 0.5454545454545454,
        "MHC-I-like": 0.4166666666666667
      },
      "mean": 0.5826118326118326
    },
    "surface_ESM_cosine": {
      "per_family": {
        "RTK/Ig-receptor": 0.7142857142857143,
        "Frizzled/CRD": 0.7272727272727273,
        "MHC-I-like": 0.4166666666666667
      },
      "mean": 0.6194083694083694
    },
    "wholeprotein_ESM_singlemean": {
      "per_family": {
        "RTK/Ig-receptor": 0.7857142857142857,
        "Frizzled/CRD": 0.5454545454545454,
        "MHC-I-like": 0.4166666666666667
      },
      "mean": 0.5826118326118326
    },
    "surface_charge_complementarity": {
      "per_family": {
        "RTK/Ig-receptor": 0.42857142857142855,
        "Frizzled/CRD": 0.8181818181818182,
        "MHC-I-like": 0.4166666666666667
      },
      "mean": 0.5544733044733045
    },
    "surface_physchem_complementarity": {
      "per_family": {
        "RTK/Ig-receptor": 0.42857142857142855,
        "Frizzled/CRD": 0.8181818181818182,
        "MHC-I-like": 0.4166666666666667
      },
      "mean": 0.5544733044733045
    }
  },
  "skipped": [],
  "labels": {
    "P35968": [
      "RTK/Ig-receptor",
      "VEGFR2",
      true
    ],
    "P17948": [
      "RTK/Ig-receptor",
      "VEGFR1",
      false
    ],
    "P35916": [
      "RTK/Ig-receptor",
      "VEGFR3",
      false
    ],
    "P00533": [
      "RTK/Ig-receptor",
      "EGFR",
      false
    ],
    "P04626": [
      "RTK/Ig-receptor",
      "HER2",
      false
    ],
    "P21860": [
      "RTK/Ig-receptor",
      "HER3",
      false
    ],
    "P06213": [
      "RTK/Ig-receptor",
      "INSR",
      false
    ],